Category,Service Provider,Reports,Service URL,WSDLURL,RequestorID,RequestorName,RequestorEmail,CustomerID,CustomerName,Instructions
Template,"Accessible Archives, Inc.",JR1;JR5;DB1;BR2,http://sushi4.scholarlyiq.com/SushiService.svc,COUNTER,As provided by the Vendor,Any,Email registered with Vendor,,Any,
Template,ACM,CR1;JR1;JR1GOA;TR1;TR3;TR1mobile;TR3mobile;TR2,http://sushi4.scholarlyiq.com/sushiservice.svc,COUNTER,See notes,Any,Any,See notes,Any,The Scholarly iQ SUSHI Web Service is accessible to all subscribers to the ACM platform. You will be required to provide the following in order to successfully access our service:unique authorization key (Requester ID) that can be provided by ACM or Scholarly iQ. The Customer ID is an identifier that is platform specific and dictates which account you are requesting usage statistics for during harvesting. Scholarly iQ or ACM can provide you with the CustomerID(s) you require.We recommend a single request should be limited to a date range of one month and no more than 1 calendar year for improved response times.
Template,Alexander Street Press,DB1;PR1;MR1;MR2,,http://sushi4.scholarlyiq.com/sushiservice.svc?wsdl,As provided by the Vendor,Any,Email registered with Vendor,As  provided by Vendor,,
Template,American Chemical Society,JR1;JR1GOA;JR1a;JR2;JR3;JR5;PR1;BR2;BR3;TR1;TR2;TR3;CR1,http://pubs.acs.org/api/soap/analytics/SushiService,COUNTER,As provided by the Vendor,Any,Email registered with Vendor,,Any,
Template,American Economic Association,JR1;JR1GOA;JR1a;JR2;JR3;JR5;PR1,http://pubs.aeaweb.org/api/soap/analytics/SushiService,COUNTER,Username of administrator provided during registration,Any,Email registered with Vendor,Institutional subscription number,,
Template,American Physical Society,JR1;JR1GOA;JR1a;JR2;JR3;JR5;CR1,http://sushi4.scholarlyiq.com/SushiService.svc,COUNTER,Requestor ID is a 128-bit integer (16 bytes) GUID that is generated upon registering with our SUSHI service.,Any,Email registered with Vendor,The Customer ID is a platform specific identifier that dictates which account you are requesting usage statistics for during harvesting.,Any,
Template,American Society of Agronomy,JR1;JR1GOA;JR2;JR5;BR3;CR1;CR2,http://sushi4.scholarlyiq.com/SushiService.svc,COUNTER,Requestor ID is a 128-bit integer (16 bytes) GUID that is generated upon registering with our SUSHI service.,Any,Email registered with Vendor,The Customer ID is a platform specific identifier that dictates which account you are requesting usage statistics for during harvesting.,Any,
Template,Annual Reviews,PR1;JR1;JR1a;JR2;JR3,http://arjournals.annualreviews.org/api/soap/analytics/SushiService,COUNTER,Username used to access administrative interface,Any,Any,Activation code,Any,The required information in on the usage stats page within the Annual Review Administrative pages
Template,APA PsycNET,JR1;JR1GOA;PR1;BR2;DB1;BR2;BR4;CR1;CR2;JR2;JR5,http://sushi4.scholarlyiq.com/SushiService.svc,COUNTER,As provided by the Vendor,Any,Email registered with Vendor,See notes,Any,The Requestor ID is a 128-bit integer (16 bytes) GUID that is generated upon registering with our SUSHI service. The format is alpha-numeric and similar to the following 00000000-0000-0000-0000-000000000000. The Customer ID is a platform specific identifier that dictates which account you are requesting usage statistics for during harvesting. 
Template,ASME,BR2;JR1;JR3mobile;JR1GOA;TR1mobile;TR3mobile;TR2,,http://sushi.silverchair.com/SUSHIservice.svc?wsdl,As provided by the Vendor,Any,Any,As  provided by Vendor,Any,
Template,BioOne,JR1;JR2;JR3;PR1;BR2;BR3;BR4;CR1,http://www.bioone.org/api/soap/analytics/SushiService,COUNTER,The Requester ID is provided by the BioOne and can be found in the administration panel on bioone.org,Any,Email registered with Vendor,The Customer ID is provided by the BioOne and can be found in the administration panel on bioone.org,Any,"1. Go to bioone.org homepage select the ""Admin"" link to Login.
2. Select the tab ""Institutional administration""
3. Click the ""Usage Data"" link 
4. Below the heading ""Retrieval via SUSHI"" you will find the following information:
- Your Requestor ID
- Your Customer ID"
Template,Brill,BR2;PR1;JR1;JR3mobile;JR1GOA,https://booksandjournals.brillonline.com/admin/statistics/sushiservice,COUNTER,As provided by the Vendor,Any,Any,As  provided by Vendor,Any,
Template,Cambridge University Press,BR2;CR1;DB1;PR1;JR1;JR1a,http://journals.cambridge.org/axis/services/SushiServicePort,COUNTER,Username used to access administrative interface,Any,Any,As  provided by Vendor,Any,
Template,Coimbra University Press,JR1;JR2;BR1;BR2;BR3,http://digitalis.bg.uc.pt/sushi/SushiService.svc,COUNTER,The Requester ID is provided by Coimbra University Press.,Any,Email registered with Vendor,See notes,,b-on consortium members ID is used as custommer ID. For non b-on institutions the Requester ID is provided by the Coimbra University Press and can be found in https://digitalis.uc.pt/sushi_members
Template,Commonwealth Scientific and Industrial Research Organisation (CSIRO),JR1;JR1GOA;JR5;CR1,http://sushi4.scholarlyiq.com/SushiService.svc,COUNTER,The Requestor ID is a 128-bit integer (16 bytes) GUID that is generated upon registering with our SUSHI service.,Any,Email registered with Vendor,The Customer ID is a platform specific identifier that dictates which account you are requesting usage statistics for during harvesting.,,
Template,Computing Reviews,JR1;JR1GOA;JR5;DB1;CR1;CR2,http://sushi4.scholarlyiq.com/SushiService.svc,COUNTER,The Requestor ID is a 128-bit integer (16 bytes) GUID that is generated upon registering with our SUSHI service.,Any,Email registered with Vendor,The Customer ID is a platform specific identifier that dictates which account you are requesting usage statistics for during harvesting.,,
Template,Credo,BR2;PR1;BR3,,http://admin.credoreference.com/services/sushiservice?wsdl,As provided by the Vendor,Any,Email registered with Vendor,As  provided by Vendor,Any,
Template,De Gruyter,BR2;DB1;PR1;JR1,,http://ams.degruyter.com/1/services/SushiService?wsdl,As provided by the Vendor,Any,Email registered with Vendor,As  provided by Vendor,Any,
Template,EBSCO EJS,JR1,Provided on Registration,Provided on Registration,Provided on Registration,Any,Any,EJS Customer ID,Any,"Customers must submit a request to Customer Satisfaction (customercare@ebsco.com) and request to have their EJS account set up for SUSHI. Once they have been set up,the will be sent their Requester ID their Customer ID (which is just their EJS Customer ID) and the URL to the SUSHI service"
Template,EBSCOhost,BR2;DB1;PR1;JR1,,http://sushi.ebscohost.com/R4/sushiservice.svc?wsdl,Generate Requestor ID in EBSCOadmin,Any,Any,As  provided by Vendor,Any,
Template,Edinburgh University Press,BR2;BR3;BR4;BR7;PR1;JR1;JR1a;JR2;JR3,http://www.euppublishing.com/api/soap/analytics/SushiService,COUNTER,"EUP Admin email address, see notes",Any,Any,As  provided by Vendor,Any,The required information in on the usage stats page within the Edinburgh University Press Administrative pages
Template,Elgar Online,BR2;BR3;BR4;CR1;PR1;JR1;JR2,,http://ams.elgaronline.com/1/services/SushiService?wsdl,As provided by the Vendor,Any,Email registered with Vendor,As  provided by Vendor,,
Template,Elsevier ScienceDirect,BR2;JR1;JR2;JR5;JR1GOA;BR3,http://services.usagereports.elsevier.com:8080/axis/services/SushiServicePort,COUNTER,As provided by the Vendor,Any,Email registered with Vendor,SD/CustomerID,Any,
Template,Elsevier Scopus,PR1,http://services.usagereports.elsevier.com:8080/axis/services/SushiServicePort,COUNTER,As provided by the Vendor,Any,Email registered with Vendor,SC/CustomberID,Any,PR1 report
Template,Emerald,BR2;CR1;CR2;DB1;PR1;JR1;JR1a;JR4;TR1;TR2;TR3;TR1mobile;TR3mobile,http://www.emeraldinsight.com/api/soap/analytics/SushiService,COUNTER,As provided by the Vendor,Any,Any,?,Any,
Template,Gale Cengage,BR2;DB1;PR1;JR1,,http://usagereports.galegroup.com/sushi/ws/counter_sushi4_0.wsdl,As provided by the Vendor,Any,Email registered with Vendor,As  provided by Vendor,,
Template,HighWire Press,CR1;JR1;JR1a;JR3;JR4,http://sushi.highwire.org/services/SushiService,COUNTER,The one set during registration,Any,Any,admin email|password,Any,"To access the server, the administrator of subscriptions needs to register for an account at the HighWire Press portal (http://highwire.stanford.edu/). An account may have multiple email addresses associated with it. The email addresses associated with a HighWire account are used to search for subscriptions used in reporting. &lt;br /&gt;Requestor ID - The client may use any identifying information as a Requestor ID. &lt;br /&gt;CustomerID - The primary email address and password used to register for an account on the HighWire Press portal (http://highwire.stanford.edu). Refer to http://sushi.highwire.org/  for details."
Template,IEEE,DB1;JR1;JR3mobile;JR1GOA;TR1;TR2;TR3;TR1mobile;TR3mobile,,http://sushi.mpsinsight.com/counter_sushi4_0/services/SushiService?wsdl,Admin email,Any,Any,See notes,Any,"A librarian who already has an account setup on MPS Insight can make a Sushi request without any additional needs via a Sushi client. The librarian can contact IEEE directly to setup an account for them on MPS Insight, in case they do not have one. The librarian can make a Sushi request by passing the same user credentials which they use to login to MPS Insight, as part of the Basic HTTP authentication"
Template,IOP Electronic Journals,JR1;JR3;JR5;CR1,http://services.mpsinsight.com/counter_sushi3_0/services/SushiService,COUNTER,Admin email,Any,Any,See notes,Any,"A librarian who already has an account setup on MPS Insight can make a Sushi request without any additional needs via a Sushi client. The librarian can contact IOP Publishing directly to setup an account for them on MPS Insight, in case they do not have one. The librarian can make a Sushi request by passing the same user credentials which they use to login to MPS Insight, as part of the Basic HTTP authentication"
Template,IOP Publishing,JR1;JR1GOA;JR2;JR3;JR5;BR2;BR3;CR1,,http://sushi.mpsinsight.com/counter_sushi4_0/services/SushiService?wsdl,This is the SUSHI partner ID OR Library Admin email ID,Any,Email registered with Vendor,,,
Template,IOP Science,JR1;JR3;JR5;CR1,http://services.mpsinsight.com/counter_sushi3_0/services/SushiService,COUNTER,Admin email,Any,Any,See notes,Any,"A librarian who already has an account setup on MPS Insight can make a Sushi request without any additional needs via a Sushi client. The librarian can contact IOP Publishing directly to setup an account for them on MPS Insight, in case they do not have one. The librarian can make a Sushi request by passing the same user credentials which they use to login to MPS Insight, as part of the Basic HTTP authentication"
Template,Irish Newspaper Archives,JR1;JR5;DB1;CR1,http://sushi4.scholarlyiq.com/SushiService.svc,COUNTER,The Requestor ID is a 128-bit integer (16 bytes) GUID that is generated upon registering with our SUSHI service.,Any,Email registered with Vendor,The Customer ID is a platform specific identifier that dictates which account you are requesting usage statistics for during harvesting.,,
Template,Jstor,BR2;DB1;PR1;JR1,http://www.jstor.org/sushi/,COUNTER,Admin email,Any,Email registered with Vendor,As  provided by Vendor - Usually the domain name associated with the organization email shared with vendor,Any,
Template,JUSP,JR1;JR1a,http://jusp.mimas.ac.uk/sushiserver/,COUNTER,See notes,Any,Any,See notes,Any,Requestor ID: The ID in the Requestor element should have the unique identifier shown on your JUSP SUSHI Admin page. Customer Reference ID: a numeric identifier that indicates which vendor�s statistics you are requesting. You can find the Identifiers for participating vendors on your JUSP SUSHI Admin page.
Template,Karger,BR2;DB1;JR1,,http://www.karger.com/webservices/sushiservice.svc?wsdl,As provided by the Vendor,Any,Email registered with Vendor,As  provided by Vendor,Any,
Template,Nature,BR1;BR2;DB1;JR1,,http://sushi.mpsinsight.com/counter_sushi4_0/services/SushiService?wsdl,Admin email,Any,Any,See notes,Any,"A librarian who already has an account setup on MPS Insight can make a Sushi request without any additional needs via a Sushi client. The librarian can contact IOP Publishing directly to setup an account for them on MPS Insight, in case they do not have one. The librarian can make a Sushi request by passing the same user credentials which they use to login to MPS Insight, as part of the Basic HTTP authentication"
Template,New England Journal of Medicine,JR1;JR1GOA;JR1a;JR2;JR3;JR5;PR1;CR1,http://www.nejm.org/api/soap/analytics/SushiService,COUNTER,Administrator email address,Any,Email registered with Vendor,Institutional unique customer number,,
Template,NewsBank ,JR1;DB1;PR1,http://stats.newsbank.com/sushi/servlet/SUSHI,COUNTER,"entere as ""username:password""",Any,Email registered with Vendor,Customer Number,,If using WSDL then keep Service URL blank and place this URL in WSDL field http://stats.newsbank.com/sushi/counter_sushi4_0.wsdl
Template,OECD,BR2;DB1;PR1;JR1,https://www.oecd-ilibrary.org/admin/statistics/sushiservice,COUNTER,As provided by the Vendor,Any,Email registered with Vendor,See notes,Any,"starts with ""oid"" and then followed by 6 digit"
Template,Optical Society of America,JR1;JR1GOA;JR2;JR5;DB1;DB2;MR1;CR1;CR2;CR3,http://sushi4.scholarlyiq.com/SushiService.svc,COUNTER,The Requestor ID is a 128-bit integer (16 bytes) GUID that is generated upon registering with our SUSHI service.,Any,Email registered with Vendor,The Customer ID is a platform specific identifier that dictates which account you are requesting usage statistics for during harvesting.,,
Template,Ovid,BR2;DB1;PR1;JR1,,https://ovidspstats.ovid.com/sushi.wsdl,Admin email,Any,Email registered with Vendor,As  provided by Vendor,,
Template,Oxford Journals,DB1;PR1;JR1,,http://sushi4.scholarlyiq.com/sushiservice.svc?wsdl,As provided by the Vendor,Any,As Provided by Vendor,As  provided by Vendor,Any,CustomerID MUST be the same as your username used to login to the Oxford Journals usage stats system. Register the SUSHI client's public IP address using the 'SUSHI Admin' tab. This is available on the usage statistics login page: http://reports.oxfordjournals.org/pilot/hitlist/
Template,Oxford OUP,BR2;BR3;BR4;PR1,http://sushi4.scholarlyiq.com/sushiservice.svc,COUNTER,As provided by the Vendor,Any,As Provided by Vendor,,,
Template,Portland Press Ltd.,JR1;JR1GOA;JR2;JR3;JR4;JR5;CR1,http://services.portlandpress.com/sushi/sushicounterservice.svc,COUNTER,The ID must be a valid customer ID and password combination separated with a colon ,Any,Email registered with Vendor,The Customer ID is a platform specific identifier that dictates which account you are requesting usage statistics for during harvesting.,,
Template,Project Euclid,JR1;JR1GOA;JR2;JR5;PR1;BR2;TR1,http://projecteuclid.org/sushi/16/service.cgi,COUNTER,See notes,Any,Email registered with Vendor,Same as Euclid ID,,The Requestor ID is provided on the Usage Reports page of the customer's Subscription Management pages (projecteuclid.org/ManageAccount/Librarian). 
Template,Project Muse,DB1;PR1;JR1;JR3;JR4,http://stats.muse.jhu.edu/sushi,COUNTER,Your personal account - e.g. abcde,Any,Any,The site's ID - e.g. 98765,Any,"Login and password need to be assigned, the instructions are available at the bottom of the main stats menu after logging in. Requestor ID is a password supplied by us - the same one used to access stats reports via a browser. Customer ID: can be found on main statistics menu after logging into stats. Look for Sushi-specific instructions at bottom of page. Authentication is handled based on appropriate Customer Reference ID and Requestor ID as part of the request payload."
Template,Proquest,CR1;CR2;DB1;PR1;JR1;JR1a;JR2;JR3,https://sushi.proquest.com/sushiService/services/SushiService,COUNTER,LAD username,Any,Any,As  provided by Vendor,Any,
Template,Publishing Technology (IngentaConnect),CR1;JR1,https://www.ingentaconnect.com/admin/statistics/sushiservice,COUNTER,See notes,Any,Any,IngentaConnect Identity ID,Any,1. Login to IngentaConnect as an institutional administrator. 2. Go to the &#039;COUNTER-complaint statistics&#039; page. 3. Click on the &#039;Enable COUNTER SUSHI reports&#039; link. 4. Your &#039;Requestor ID&#039; and &#039;Customer ID&#039; will be displayed
Template,RMIT Publishing,JR1;JR2;BR1;BR2;MR1,http://sushi.informit.com.au/SushiService.svc,COUNTER,See notes,Any,See Notes,See notes,,Contact Laki Sideris laki.sideris@rmit.edu.au    +61 3 9925 8240
Template,Royal Society of Chemistry,BR2;DB1;PR1;MR1;JR1,,http://sushi.mpsinsight.com/counter_sushi4_0/services/SushiService?wsdl,Admin email,Any,Any,See notes,Any,
Template,Sage,BR2;CR1;DB1;PR1;JR1,,http://sushi.highwire.org/sushi.wsdl,Admin email,,Email registered with Vendor,See notes,,"email address concatenated with password by ""|"". e.g email@email.com|12345"
Template,Silverchair,JR1;JR1a;JR2;JR5;PR1;BR1;BR2;BR3;MR1;CR1,,http://sushi.silverchair.com/SUSHIservice.svc?wsdl,Administrator ID,Any,Administrator Email,Institution ID,,Contact support@silverchair.com for further details
Template,Springer,BR1;BR2;CR1;DB1;PR1;JR1,http://services.springer.com/sushi,COUNTER,e.g. 123-45-678,Any,Any,See notes,Any,"Requestors should use the username &amp; password of the same MetaPress Administrator account they use on the website. The username and password must also belong to the same account that is specified in the Requestor.ID field in the ReportRequest element. This will grant the Requestor access to the same reports that are available on the website including all accounts they are allowed to normally download reports for. To specify the authentication, standard HTTP BASIC authorization must be provided in request headers. Since SSL is required the credentials will be safely encrypted."
Template,SwetsWise,CR1;JR1;JR3;JR4,http://www.swetswise.com/SushiSrv16Web/services/SushiServicePort,COUNTER,Any,Any,Any,Unique Swets CID number,Any,
Template,Taylor and Francis eBooks,BR1;BR2;BR3;CR1;DB1;PR1,,http://www.tandfebooks.com/api/soap/analytics/SushiService?wsdl,Admin email,Any,Email registered with Vendor,As  provided by Vendor,Any,
Template,Taylor and Francis Journal,BR2;DB1;PR1;JR1;TR1;TR2;TR3;TR1mobile;TR3mobile,http://www.tandfonline.com/api/soap/analytics/SushiService,COUNTER,Admin email,Any,Email registered with Vendor,As  provided by Vendor,Any,"No CR1 report for this platform.
BR2 report available."
Template,Vision4Press,JR1;JR1GOA;JR2;JR3;JR5;BR2;BR3;CR1,http://sushi4.scholarlyiq.com/SushiService.svc,COUNTER,The Requestor ID is a 128-bit integer (16 bytes) GUID that is generated upon registering with our SUSHI service.,Any,Email registered with Vendor,The Customer ID is a platform specific identifier that dictates which account you are requesting usage statistics for during harvesting.,,
Template,Wiley-Blackwell,JR1,http://onlinelibrary.wiley.com/reporting-web/ws/sushi,COUNTER,As provided by the Vendor,Any,Email registered with Vendor,See notes,Any,"The customer ID is 10 to 15 character long and starts with ""EAL"" followed by 7 to 13 digits"
